Country_region,0,1,2,3,4,5,6,7,8,9,10,11
Afghanistan,-12.249999999999996,-10.0,-1.5499999999999972,2.5500000000000007,6.100000000000005,13.300000000000004,16.45000000000001,15.050000000000004,10.050000000000004,2.4000000000000057,-3.4999999999999964,-10.099999999999998
Albania,5.950000000000003,5.800000000000001,9.399999999999999,15.950000000000003,19.95000000000001,22.150000000000006,24.150000000000006,24.70000000000001,21.050000000000004,16.300000000000004,10.899999999999999,5.700000000000006
Algeria,12.399999999999999,14.050000000000004,19.000000000000007,24.050000000000004,28.20000000000001,34.30000000000001,36.50000000000001,35.75000000000001,32.45,25.10000000000001,18.150000000000006,13.950000000000003
Andorra,3.8000000000000043,-0.399999999999995,2.8999999999999986,6.649999999999999,9.600000000000009,14.650000000000006,18.4,18.700000000000003,15.550000000000004,9.899999999999999,5.700000000000003,3.950000000000003
Angola,22.75,23.300000000000004,23.050000000000004,22.35000000000001,20.750000000000007,17.400000000000006,17.650000000000006,20.650000000000006,22.400000000000006,24.300000000000004,24.1,22.6
Antigua and Barbuda,25.650000000000006,25.050000000000004,25.550000000000004,26.25,26.250000000000007,27.200000000000003,27.500000000000007,27.650000000000006,27.750000000000007,27.400000000000006,26.85000000000001,26.050000000000004
Argentina,24.650000000000006,24.10000000000001,18.800000000000004,16.900000000000006,11.450000000000003,7.000000000000007,6.7500000000000036,8.600000000000001,13.400000000000006,14.600000000000001,19.25,22.050000000000004
Armenia,-7.899999999999999,-6.449999999999999,-2.4999999999999964,-0.6999999999999993,4.550000000000001,8.649999999999999,13.950000000000003,13.300000000000004,11.400000000000006,5.649999999999999,-1.8999999999999986,-5.4999999999999964
Australia_Australian Capital Territory,21.650000000000006,20.25,18.550000000000004,15.550000000000004,9.700000000000003,6.399999999999999,5.650000000000006,6.300000000000001,8.8,13.350000000000001,15.750000000000007,19.6
Australia_New South Wales,23.750000000000007,22.85,22.1,21.10000000000001,16.400000000000006,13.900000000000006,13.600000000000001,13.350000000000009,15.550000000000004,18.5,20.200000000000003,22.750000000000007
Australia_Northern Territory,27.800000000000004,28.000000000000007,28.450000000000003,29.10000000000001,26.35000000000001,25.0,24.55000000000001,23.900000000000006,27.250000000000007,29.450000000000003,29.650000000000006,30.750000000000007
Australia_Queensland,25.85,25.050000000000004,24.5,22.550000000000004,18.70000000000001,16.0,15.700000000000003,15.400000000000006,18.400000000000006,21.1,23.300000000000004,24.650000000000006
Australia_South Australia,23.95000000000001,23.10000000000001,20.500000000000007,19.200000000000003,14.250000000000007,11.150000000000006,11.500000000000007,11.800000000000004,12.600000000000009,17.200000000000003,18.35000000000001,22.25
Australia_Tasmania,18.15,16.700000000000003,15.400000000000006,13.600000000000001,11.050000000000004,8.700000000000003,8.649999999999999,8.549999999999997,10.149999999999999,12.600000000000009,13.750000000000007,16.550000000000004
Australia_Victoria,22.650000000000006,21.6,19.75,17.700000000000003,13.850000000000001,10.750000000000007,10.649999999999999,11.200000000000003,12.850000000000001,16.150000000000006,17.1,21.0
Australia_Western Australia,24.0,23.950000000000003,23.750000000000007,20.500000000000007,17.700000000000003,14.75,14.900000000000006,13.800000000000004,14.950000000000003,17.60000000000001,18.550000000000004,21.800000000000004
Austria,-0.649999999999995,-5.949999999999999,-1.5,7.600000000000001,11.300000000000004,13.350000000000009,15.050000000000004,15.95000000000001,11.45000000000001,7.250000000000007,2.200000000000003,-2.349999999999998
Azerbaijan,5.600000000000005,7.700000000000003,11.800000000000004,14.350000000000009,21.25,25.650000000000006,30.200000000000003,27.6,23.85000000000001,17.6,9.800000000000004,7.100000000000001
Bahamas,20.650000000000006,24.450000000000003,21.85000000000001,24.950000000000003,25.750000000000007,27.6,28.550000000000004,28.750000000000007,28.450000000000003,27.35000000000001,25.0,23.150000000000006
Bahrain,17.000000000000007,18.1,24.500000000000007,26.250000000000007,31.550000000000004,36.45000000000001,37.00000000000001,36.60000000000001,34.00000000000001,29.550000000000004,22.10000000000001,19.450000000000003
Bangladesh,17.4,21.5,26.050000000000004,27.300000000000004,27.700000000000003,28.900000000000006,28.85,29.150000000000006,28.95000000000001,26.550000000000004,22.95000000000001,19.15
Barbados,25.150000000000006,24.70000000000001,25.500000000000007,25.900000000000006,26.050000000000004,26.300000000000004,26.400000000000006,26.45000000000001,27.000000000000007,26.35,26.150000000000006,25.550000000000004
Belarus,-4.449999999999996,-7.2499999999999964,-3.2499999999999964,10.050000000000004,16.250000000000007,17.250000000000007,19.550000000000004,18.85,14.550000000000004,7.900000000000002,1.3500000000000014,-2.799999999999997
Belgium,6.899999999999999,3.6000000000000014,5.200000000000003,12.900000000000006,15.100000000000001,18.400000000000006,21.5,19.500000000000007,15.800000000000004,12.700000000000003,7.250000000000007,6.150000000000006
Belize,22.250000000000007,24.500000000000007,25.200000000000003,26.20000000000001,27.10000000000001,27.250000000000007,27.250000000000007,26.800000000000004,27.450000000000003,26.35000000000001,24.650000000000006,23.75
Benin,27.30000000000001,30.1,30.250000000000007,29.400000000000006,28.300000000000004,26.700000000000003,25.650000000000006,24.85000000000001,25.650000000000006,26.60000000000001,27.550000000000004,26.800000000000004
Bhutan,7.050000000000004,8.650000000000002,10.800000000000004,12.550000000000004,15.100000000000009,18.35000000000001,19.250000000000007,19.700000000000003,18.550000000000004,13.550000000000004,10.350000000000009,7.550000000000004
Bolivia,26.150000000000006,26.500000000000007,26.20000000000001,26.150000000000006,23.60000000000001,20.650000000000006,22.0,22.1,25.300000000000004,27.500000000000007,26.650000000000006,26.200000000000003
Bosnia and Herzegovina,0.7000000000000028,-2.9999999999999964,-0.04999999999999716,8.900000000000006,13.70000000000001,15.150000000000006,17.25,18.35000000000001,13.850000000000001,10.700000000000003,4.649999999999999,-0.7499999999999964
Botswana,27.050000000000004,26.650000000000006,25.55000000000001,23.250000000000007,19.950000000000003,17.35,16.85,19.25,23.20000000000001,26.650000000000006,27.35,28.200000000000003
Brazil,26.300000000000004,26.10000000000001,26.650000000000006,25.6,24.650000000000006,23.1,22.6,25.20000000000001,27.250000000000007,27.35,26.30000000000001,26.550000000000004
Brunei,26.900000000000006,27.10000000000001,27.550000000000004,28.450000000000003,28.150000000000006,27.900000000000006,28.450000000000003,28.500000000000007,27.35000000000001,27.45000000000001,27.60000000000001,27.650000000000006
Bulgaria,0.15000000000000568,-0.29999999999999716,1.850000000000005,9.950000000000003,15.100000000000001,16.150000000000006,17.550000000000004,20.000000000000007,14.850000000000001,10.150000000000006,4.450000000000003,-0.09999999999999787
Burkina Faso,24.800000000000004,28.550000000000004,31.650000000000006,33.150000000000006,32.60000000000001,30.650000000000006,27.950000000000003,26.550000000000004,27.450000000000003,28.85000000000001,28.550000000000004,24.950000000000003
Burma,20.60000000000001,23.200000000000003,27.450000000000003,30.050000000000004,29.800000000000004,28.950000000000003,29.0,28.650000000000006,28.800000000000004,27.30000000000001,24.85,21.950000000000003
Burundi,19.0,19.500000000000007,17.900000000000006,18.950000000000003,18.6,18.300000000000004,17.1,19.800000000000004,20.0,19.1,19.500000000000007,19.6
Cabo Verde,--,--,--,--,--,--,--,--,--,--,--,--
Cambodia,27.35000000000001,26.85000000000001,29.250000000000007,29.650000000000006,29.5,29.10000000000001,28.70000000000001,28.45000000000001,28.650000000000006,28.750000000000007,28.5,28.550000000000004
Cameroon,24.950000000000003,25.60000000000001,25.150000000000006,25.30000000000001,24.400000000000006,24.1,23.250000000000007,23.750000000000007,24.250000000000007,24.60000000000001,24.60000000000001,24.650000000000006
Central African Republic,23.000000000000007,26.1,25.900000000000006,25.60000000000001,26.20000000000001,25.35,23.800000000000004,24.800000000000004,24.6,24.650000000000006,24.400000000000006,23.800000000000004
Chad,21.550000000000004,26.85000000000001,29.450000000000003,32.050000000000004,34.900000000000006,33.050000000000004,31.10000000000001,31.250000000000007,31.050000000000004,29.85000000000001,27.300000000000004,24.250000000000007
Chile,21.150000000000006,20.900000000000006,17.35,14.500000000000007,11.200000000000003,7.650000000000002,7.200000000000003,8.700000000000003,12.300000000000004,13.350000000000001,16.800000000000004,19.35000000000001
China_Anhui,2.950000000000003,5.650000000000006,12.600000000000001,18.35,23.150000000000006,26.5,29.70000000000001,29.55000000000001,24.550000000000004,17.800000000000004,12.100000000000001,4.900000000000002
China_Beijing,-4.599999999999998,-1.0999999999999979,8.900000000000002,15.600000000000001,21.65,26.45000000000001,27.900000000000006,27.000000000000007,19.900000000000006,12.250000000000007,5.2500000000000036,-3.5
China_Chongqing,6.5,8.950000000000003,15.500000000000007,19.85,23.650000000000006,26.000000000000007,29.300000000000004,29.750000000000007,24.25,17.800000000000004,13.5,8.150000000000006
China_Fujian,9.550000000000004,10.600000000000001,16.650000000000006,20.050000000000004,24.150000000000006,25.000000000000007,27.5,26.60000000000001,25.250000000000007,19.35,16.0,11.450000000000003
China_Gansu,-7.099999999999994,-4.349999999999998,3.6000000000000014,9.350000000000001,13.550000000000004,17.500000000000007,19.250000000000007,18.6,12.250000000000007,5.75,-0.14999999999999503,-6.549999999999997
China_Guangdong,13.700000000000003,14.400000000000006,19.800000000000004,22.950000000000003,27.85,28.10000000000001,29.200000000000003,28.650000000000006,28.050000000000004,23.60000000000001,20.35,15.600000000000001
China_Guangxi,10.950000000000003,12.300000000000004,18.050000000000004,21.450000000000003,26.300000000000004,27.300000000000004,29.000000000000007,28.300000000000004,26.85000000000001,22.050000000000004,18.5,13.550000000000004
China_Guizhou,3.000000000000007,5.050000000000004,11.0,14.75,18.6,21.050000000000004,23.800000000000004,22.900000000000006,19.300000000000004,13.750000000000007,9.650000000000006,5.550000000000001
China_Hainan,16.1,16.300000000000004,21.300000000000004,23.000000000000007,26.45000000000001,26.150000000000006,25.900000000000006,25.10000000000001,24.750000000000007,22.650000000000006,20.95000000000001,17.700000000000003
China_Hebei,-4.649999999999995,-0.5999999999999943,9.500000000000004,16.0,21.85,26.5,28.150000000000006,27.500000000000007,20.300000000000004,12.500000000000007,5.350000000000001,-3.3999999999999986
China_Heilongjiang,-21.699999999999996,-18.549999999999997,-7.149999999999999,5.100000000000001,12.050000000000004,17.050000000000004,21.1,18.35000000000001,11.300000000000004,4.25,-6.75,-17.05
China_Henan,-2.9999999999999964,0.350000000000005,10.200000000000006,15.850000000000009,21.60000000000001,27.650000000000006,28.35,27.750000000000007,20.900000000000006,14.149999999999999,6.400000000000002,-2.049999999999997
China_Hong Kong,16.000000000000007,16.050000000000004,21.200000000000003,23.5,28.450000000000003,28.300000000000004,29.35000000000001,28.750000000000007,28.550000000000004,24.800000000000004,22.250000000000007,18.000000000000007
China_Hubei,3.1000000000000014,6.700000000000003,13.350000000000001,18.9,23.400000000000006,26.75,29.500000000000007,29.200000000000003,23.85,17.550000000000004,11.900000000000006,5.5
China_Hunan,4.850000000000005,7.5000000000000036,13.950000000000003,18.60000000000001,23.95000000000001,25.75,30.05000000000001,28.85,24.800000000000004,17.650000000000006,13.050000000000004,7.100000000000001
China_Inner Mongolia,-21.049999999999997,-16.049999999999997,-0.9999999999999964,7.900000000000006,16.550000000000004,21.95000000000001,23.6,22.400000000000006,13.300000000000004,4.600000000000001,-7.199999999999996,-18.599999999999998
China_Jiangsu,1.600000000000005,3.9000000000000057,11.100000000000001,16.250000000000007,21.200000000000003,25.550000000000004,28.800000000000004,28.650000000000006,23.300000000000004,16.750000000000007,11.500000000000007,3.8999999999999986
China_Jiangxi,5.800000000000001,8.0,14.899999999999999,20.050000000000004,24.950000000000003,26.550000000000004,30.150000000000006,29.400000000000006,26.300000000000004,19.200000000000003,14.400000000000006,8.300000000000004
China_Jilin,-17.549999999999997,-14.149999999999999,-2.0500000000000007,8.900000000000006,15.0,19.450000000000003,23.85000000000001,21.60000000000001,14.600000000000001,7.600000000000001,-2.3999999999999986,-11.949999999999996
China_Liaoning,-10.999999999999996,-7.449999999999996,2.750000000000007,11.450000000000003,18.650000000000006,23.400000000000006,26.750000000000007,25.050000000000004,18.60000000000001,10.399999999999999,2.4000000000000057,-7.349999999999998
China_Macau,15.5,15.700000000000003,20.750000000000007,23.400000000000006,28.150000000000006,28.35000000000001,29.35,28.70000000000001,28.300000000000004,24.550000000000004,22.0,17.550000000000004
China_Ningxia,-7.199999999999996,-3.299999999999997,5.850000000000005,12.550000000000004,17.150000000000006,21.700000000000003,23.300000000000004,22.500000000000007,15.25,8.600000000000001,1.2500000000000036,-6.349999999999998
China_Qinghai,-15.199999999999996,-12.999999999999996,-7.199999999999999,-2.8999999999999986,1.8000000000000007,6.250000000000007,9.25,9.150000000000006,3.3500000000000014,-4.949999999999996,-11.599999999999998,-16.7
China_Shaanxi,-3.9999999999999964,-0.9999999999999929,6.75,12.650000000000006,16.35,20.800000000000004,22.400000000000006,22.150000000000006,15.000000000000007,9.649999999999999,3.4499999999999993,-3.1999999999999957
China_Shandong,-3.6999999999999993,-0.5499999999999972,8.250000000000004,14.650000000000006,20.200000000000003,23.85,25.900000000000006,25.800000000000004,19.200000000000003,13.150000000000006,7.350000000000001,-1.0999999999999979
China_Shanghai,4.25,5.450000000000003,12.100000000000009,17.0,21.85000000000001,24.950000000000003,29.300000000000004,29.35000000000001,25.000000000000007,18.60000000000001,14.150000000000006,7.250000000000007
China_Shanxi,-5.149999999999999,-1.0499999999999972,8.200000000000003,14.650000000000006,19.950000000000003,24.10000000000001,25.35,24.550000000000004,17.0,10.650000000000002,3.7000000000000064,-4.649999999999999
China_Sichuan,-1.1999999999999957,-1.3999999999999986,4.649999999999999,9.649999999999999,12.250000000000007,15.100000000000001,17.650000000000006,17.300000000000004,13.0,6.400000000000002,3.5500000000000007,0.3500000000000014
China_Tianjin,-4.599999999999998,-1.3999999999999986,7.900000000000006,15.200000000000003,20.85,25.45000000000001,27.550000000000004,27.300000000000004,20.60000000000001,13.200000000000003,6.100000000000005,-2.4499999999999957
China_Tibet,-8.399999999999995,-8.099999999999998,-5.049999999999997,0.10000000000000142,4.800000000000004,10.300000000000008,12.800000000000004,12.450000000000003,9.75,0.3999999999999986,-4.2499999999999964,-8.199999999999996
China_Xinjiang,-10.499999999999996,-1.149999999999995,13.050000000000004,16.500000000000007,20.65,26.450000000000003,27.950000000000003,27.400000000000006,19.85,12.25,0.6000000000000014,-7.849999999999998
China_Yunnan,9.650000000000002,11.450000000000003,15.700000000000003,18.550000000000004,20.500000000000007,21.250000000000007,22.0,21.10000000000001,19.500000000000007,15.950000000000003,12.800000000000004,10.300000000000008
China_Zhejiang,4.700000000000003,6.550000000000004,13.400000000000006,18.25,23.20000000000001,25.050000000000004,28.650000000000006,28.400000000000006,24.550000000000004,17.60000000000001,13.450000000000003,7.25
Colombia,13.850000000000009,14.450000000000003,14.850000000000001,14.250000000000007,14.300000000000004,14.5,14.400000000000006,14.450000000000003,14.70000000000001,14.5,14.550000000000004,14.400000000000006
Comoros,21.6,22.400000000000006,22.450000000000003,22.60000000000001,22.150000000000006,21.1,20.050000000000004,20.400000000000006,20.5,20.400000000000006,21.70000000000001,22.6
Congo (Brazzaville),26.500000000000007,27.35000000000001,26.300000000000004,26.250000000000007,26.05000000000001,25.60000000000001,24.800000000000004,24.6,25.5,25.85,26.20000000000001,25.95000000000001
Congo (Kinshasa),25.550000000000004,26.250000000000007,25.500000000000007,25.950000000000003,25.300000000000004,25.10000000000001,25.300000000000004,25.400000000000006,25.250000000000007,25.700000000000003,25.800000000000004,25.700000000000003
Costa Rica,17.150000000000006,17.95000000000001,19.050000000000004,19.25,19.15,18.70000000000001,18.85,18.95000000000001,18.75,18.1,18.450000000000003,18.300000000000004
Cote d'Ivoire,26.70000000000001,28.700000000000003,28.35,28.450000000000003,27.250000000000007,26.45000000000001,24.85000000000001,24.800000000000004,25.150000000000006,25.900000000000006,26.900000000000006,26.200000000000003
Croatia,2.3000000000000043,-2.349999999999998,1.7000000000000028,10.650000000000006,14.600000000000001,16.750000000000007,18.5,19.4,14.600000000000009,10.650000000000006,5.850000000000001,0.40000000000000213
Cuba,22.550000000000004,24.950000000000003,23.900000000000006,25.950000000000003,26.20000000000001,27.450000000000003,28.300000000000004,28.60000000000001,28.050000000000004,26.95000000000001,25.750000000000007,25.150000000000006
Cyprus,12.500000000000007,14.850000000000001,16.700000000000003,19.6,23.200000000000003,27.050000000000004,30.750000000000007,30.400000000000006,27.750000000000007,23.400000000000006,18.1,13.950000000000003
Czechia,2.0500000000000043,-3.099999999999998,1.350000000000005,12.700000000000003,16.6,18.250000000000007,20.150000000000006,20.750000000000007,15.750000000000007,11.050000000000004,5.25,1.4000000000000057
Denmark_Faroe Islands,4.150000000000006,4.100000000000005,3.5500000000000007,5.650000000000006,8.100000000000009,9.100000000000001,10.800000000000004,10.300000000000004,9.350000000000001,7.600000000000001,7.300000000000004,6.000000000000007
Denmark_Greenland,-36.5,-31.949999999999996,-32.2,-26.799999999999997,-21.3,-10.599999999999994,-7.849999999999994,-11.649999999999999,-15.999999999999996,-32.0,-27.55,-28.849999999999998
Denmark,1.8500000000000014,-1.6499999999999986,-0.29999999999999716,8.75,14.5,16.35,19.1,17.35,13.900000000000006,10.0,5.350000000000001,3.9500000000000064
Diamond Princess,--,--,--,--,--,--,--,--,--,--,--,--
Djibouti,16.750000000000007,19.900000000000006,20.550000000000004,22.150000000000006,25.10000000000001,27.650000000000006,27.6,26.60000000000001,25.250000000000007,21.500000000000007,19.200000000000003,18.050000000000004
Dominica,23.60000000000001,22.900000000000006,23.750000000000007,24.450000000000003,24.5,25.250000000000007,25.500000000000007,25.60000000000001,25.900000000000006,25.35,24.950000000000003,23.950000000000003
Dominican Republic,22.250000000000007,22.1,22.85000000000001,23.400000000000006,23.800000000000004,25.400000000000006,25.35,25.550000000000004,25.200000000000003,24.800000000000004,24.150000000000006,22.900000000000006
Ecuador,18.550000000000004,18.650000000000006,18.85000000000001,18.550000000000004,19.5,18.250000000000007,18.000000000000007,17.650000000000006,18.6,19.250000000000007,19.400000000000006,19.250000000000007
Egypt,12.900000000000006,16.900000000000006,21.4,23.900000000000006,28.800000000000004,30.800000000000004,30.950000000000003,30.6,28.5,24.550000000000004,18.85000000000001,14.399999999999999
El Salvador,22.650000000000006,24.15,25.000000000000007,24.85000000000001,24.45000000000001,23.800000000000004,24.650000000000006,23.6,23.95000000000001,23.500000000000007,23.45000000000001,23.200000000000003
Equatorial Guinea,21.750000000000007,22.70000000000001,22.1,22.1,21.85000000000001,21.1,19.950000000000003,20.200000000000003,21.050000000000004,21.550000000000004,21.750000000000007,21.85000000000001
Eritrea,--,--,--,--,--,--,--,--,--,--,--,--
Estonia,-3.049999999999997,-8.25,-4.299999999999997,6.5000000000000036,15.350000000000001,16.150000000000006,21.050000000000004,18.400000000000006,14.050000000000004,7.100000000000001,3.1000000000000014,-1.7499999999999964
Eswatini,25.450000000000003,25.900000000000006,25.10000000000001,23.650000000000006,20.9,19.1,17.85,20.300000000000004,21.85000000000001,23.000000000000007,24.200000000000003,26.700000000000003
Ethiopia,20.45000000000001,23.6,24.450000000000003,24.000000000000007,25.6,26.45000000000001,26.20000000000001,24.000000000000007,24.750000000000007,24.25,21.900000000000006,21.95000000000001
Fiji,24.800000000000004,24.900000000000006,24.550000000000004,24.050000000000004,22.70000000000001,21.750000000000007,21.550000000000004,22.200000000000003,23.050000000000004,23.250000000000007,23.700000000000003,24.85
Finland,-5.049999999999997,-10.2,-6.299999999999997,3.0500000000000043,13.100000000000009,14.500000000000007,19.950000000000003,16.60000000000001,11.600000000000001,4.950000000000003,2.4000000000000057,-3.7499999999999964
France_French Guiana,24.5,24.30000000000001,25.250000000000007,25.10000000000001,25.300000000000004,25.150000000000006,25.000000000000007,25.70000000000001,25.55000000000001,26.80000000000001,25.650000000000006,24.800000000000004
France_French Polynesia,--,--,--,--,--,--,--,--,--,--,--,--
France_Guadeloupe,25.750000000000007,25.10000000000001,25.70000000000001,26.55000000000001,26.650000000000006,27.550000000000004,27.800000000000004,27.900000000000006,28.000000000000007,27.500000000000007,27.10000000000001,26.150000000000006
France_Martinique,25.750000000000007,25.05000000000001,25.500000000000007,26.400000000000006,26.550000000000004,27.10000000000001,27.200000000000003,27.20000000000001,27.6,26.950000000000003,26.800000000000004,25.95000000000001
France_Mayotte,25.900000000000006,26.500000000000007,26.55000000000001,26.10000000000001,25.650000000000006,24.650000000000006,23.500000000000007,24.0,24.400000000000006,24.95000000000001,25.650000000000006,26.85
France_New Caledonia,--,--,--,--,--,--,--,--,--,--,--,--
France_Reunion,14.200000000000003,14.600000000000009,14.70000000000001,12.75,11.450000000000003,10.75,7.25,6.550000000000004,7.6000000000000085,8.149999999999999,11.149999999999999,12.600000000000001
France_Saint Barthelemy,25.900000000000006,25.35000000000001,25.85,26.450000000000003,26.20000000000001,27.200000000000003,27.550000000000004,27.750000000000007,27.85000000000001,27.550000000000004,26.900000000000006,26.10000000000001
France_Saint Pierre and Miquelon,-2.1499999999999986,-4.949999999999996,2.0500000000000043,1.1000000000000014,5.0,9.300000000000004,15.600000000000001,17.000000000000007,13.400000000000006,7.150000000000002,2.4000000000000057,0.30000000000000426
France_St Martin,25.650000000000006,25.050000000000004,25.55000000000001,26.050000000000004,25.80000000000001,26.800000000000004,27.150000000000006,27.400000000000006,27.550000000000004,27.200000000000003,26.550000000000004,25.85000000000001
France_Wallis and Futuna,27.55000000000001,27.400000000000006,27.35,26.900000000000006,26.900000000000006,26.400000000000006,25.85000000000001,25.900000000000006,26.85000000000001,26.70000000000001,27.300000000000004,27.500000000000007
France,7.250000000000007,1.9000000000000057,7.199999999999999,12.600000000000001,15.300000000000004,19.400000000000006,21.800000000000004,21.150000000000006,17.60000000000001,13.300000000000004,8.050000000000004,6.000000000000007
Gabon,25.250000000000007,26.10000000000001,25.750000000000007,25.400000000000006,24.85000000000001,23.800000000000004,22.35,22.85000000000001,23.800000000000004,24.75,25.050000000000004,25.000000000000007
Gambia,23.5,24.650000000000006,29.400000000000006,29.000000000000007,28.550000000000004,29.10000000000001,27.550000000000004,26.95000000000001,27.400000000000006,28.300000000000004,27.150000000000006,25.200000000000003
Georgia,3.950000000000003,6.700000000000003,9.450000000000003,11.650000000000006,16.200000000000003,19.800000000000004,23.950000000000003,23.450000000000003,20.150000000000006,14.350000000000001,8.000000000000007,4.950000000000006
Germany,3.6000000000000014,-2.1499999999999986,2.2500000000000036,12.25,16.20000000000001,18.050000000000004,20.6,20.150000000000006,15.450000000000003,10.75,5.350000000000001,3.8000000000000043
Ghana,27.750000000000007,30.550000000000004,29.550000000000004,29.400000000000006,28.70000000000001,27.400000000000006,26.650000000000006,26.150000000000006,26.900000000000006,27.400000000000006,28.300000000000004,27.450000000000003
Greece,3.2000000000000064,4.200000000000003,7.700000000000003,13.100000000000001,17.150000000000006,19.35000000000001,21.85,22.250000000000007,18.650000000000006,13.400000000000006,8.700000000000003,3.5000000000000036
Grenada,23.750000000000007,23.450000000000003,24.300000000000004,25.000000000000007,25.150000000000006,25.250000000000007,25.35,25.60000000000001,26.050000000000004,25.400000000000006,25.150000000000006,24.35000000000001
Guatemala,21.950000000000003,24.1,25.150000000000006,25.55000000000001,26.250000000000007,26.35000000000001,26.35000000000001,25.750000000000007,26.250000000000007,25.400000000000006,24.150000000000006,23.35
Guinea,23.450000000000003,26.000000000000007,29.400000000000006,28.900000000000006,27.550000000000004,26.1,24.800000000000004,24.200000000000003,24.70000000000001,25.650000000000006,26.050000000000004,23.750000000000007
Guinea-Bissau,24.45000000000001,25.450000000000003,29.85000000000001,29.050000000000004,27.750000000000007,27.45000000000001,26.500000000000007,26.250000000000007,26.75,27.80000000000001,27.80000000000001,26.1
Guyana,25.750000000000007,25.500000000000007,26.150000000000006,26.150000000000006,26.300000000000004,26.200000000000003,26.45000000000001,27.35000000000001,27.800000000000004,28.85,27.700000000000003,26.10000000000001
Haiti,22.6,22.800000000000004,23.250000000000007,24.10000000000001,24.150000000000006,25.450000000000003,25.75,25.900000000000006,25.1,24.750000000000007,24.200000000000003,23.700000000000003
Holy See,10.25,7.850000000000005,10.649999999999999,15.850000000000009,19.050000000000004,22.750000000000007,25.750000000000007,26.400000000000006,22.80000000000001,18.750000000000007,13.700000000000003,9.800000000000004
Honduras,19.550000000000004,21.35,22.400000000000006,23.300000000000004,24.150000000000006,23.900000000000006,23.400000000000006,23.150000000000006,23.450000000000003,22.750000000000007,21.70000000000001,20.450000000000003
Hungary,2.650000000000002,-0.3999999999999986,3.650000000000002,15.950000000000003,19.750000000000007,20.900000000000006,22.700000000000003,24.0,17.900000000000006,13.25,6.750000000000007,0.5500000000000007
Iceland,-4.899999999999999,-3.8499999999999943,-4.4999999999999964,-2.7499999999999964,0.25000000000000355,5.650000000000002,7.650000000000006,6.800000000000004,2.3000000000000007,-1.8999999999999986,-1.6499999999999986,-3.399999999999995
India,21.35000000000001,24.650000000000006,29.150000000000006,32.10000000000001,36.20000000000001,31.1,27.650000000000006,27.150000000000006,27.200000000000003,26.800000000000004,23.75,19.900000000000006
Indonesia,27.450000000000003,27.300000000000004,27.55000000000001,27.750000000000007,27.95000000000001,27.6,27.650000000000006,27.800000000000004,27.750000000000007,27.5,27.700000000000003,27.550000000000004
Iran,7.700000000000006,12.050000000000004,18.300000000000004,20.15,26.050000000000004,33.150000000000006,35.400000000000006,34.300000000000004,30.300000000000004,22.900000000000006,13.400000000000006,9.450000000000003
Iraq,12.150000000000006,16.550000000000004,21.85000000000001,24.050000000000004,29.750000000000007,35.400000000000006,37.400000000000006,36.5,33.2,26.800000000000004,17.250000000000007,13.400000000000006
Ireland,5.200000000000003,3.8000000000000043,4.600000000000005,8.600000000000001,12.050000000000004,15.149999999999999,16.650000000000006,15.150000000000006,12.200000000000003,9.549999999999997,7.5,7.450000000000003
Israel,11.75,14.950000000000003,18.35000000000001,20.10000000000001,23.70000000000001,26.050000000000004,27.150000000000006,27.05000000000001,26.150000000000006,22.800000000000004,17.750000000000007,13.150000000000006
Italy,10.300000000000004,7.800000000000001,10.700000000000003,15.899999999999999,19.15,22.950000000000003,26.10000000000001,26.800000000000004,22.85000000000001,18.700000000000003,13.75,9.399999999999999
Jamaica,22.550000000000004,23.750000000000007,23.250000000000007,24.25,24.300000000000004,25.150000000000006,25.750000000000007,25.900000000000006,25.55000000000001,24.650000000000006,24.700000000000003,24.150000000000006
Japan,-4.399999999999999,-4.199999999999996,2.700000000000003,9.200000000000003,12.850000000000001,16.550000000000004,22.900000000000006,21.70000000000001,16.20000000000001,11.100000000000001,6.400000000000002,0.3500000000000014
Jordan,8.8,12.5,16.650000000000006,18.200000000000003,22.95000000000001,25.800000000000004,27.000000000000007,26.950000000000003,25.85000000000001,22.000000000000007,15.050000000000004,10.350000000000009
Kazakhstan,-16.65,-14.799999999999997,-5.9999999999999964,5.949999999999999,12.750000000000007,19.650000000000006,23.800000000000004,20.0,13.550000000000004,5.850000000000001,-4.799999999999997,-12.599999999999998
Kenya,21.800000000000004,23.450000000000003,22.900000000000006,21.200000000000003,20.60000000000001,21.150000000000006,19.800000000000004,20.800000000000004,22.550000000000004,22.75,22.75,23.050000000000004
"Korea, South",-5.949999999999996,-3.4999999999999964,5.0,10.75,15.100000000000001,20.200000000000003,24.250000000000007,23.750000000000007,17.000000000000007,9.700000000000003,5.2500000000000036,-2.099999999999998
Kosovo,1.9500000000000028,1.6500000000000021,6.550000000000004,14.150000000000006,18.10000000000001,20.550000000000004,22.10000000000001,23.500000000000007,19.000000000000007,13.950000000000003,7.800000000000004,1.4499999999999993
Kuwait,15.300000000000004,19.700000000000003,24.450000000000003,26.000000000000007,32.1,37.75000000000001,38.85000000000001,37.95,34.050000000000004,28.10000000000001,19.950000000000003,16.95000000000001
Kyrgyzstan,-14.899999999999995,-10.849999999999998,2.6000000000000014,7.450000000000003,10.75,14.550000000000004,18.700000000000003,17.800000000000004,13.25,6.800000000000001,-3.1999999999999993,-10.249999999999996
Laos,18.550000000000004,18.650000000000006,22.000000000000007,23.85000000000001,25.400000000000006,25.650000000000006,25.550000000000004,25.500000000000007,25.550000000000004,24.20000000000001,22.050000000000004,20.20000000000001
Latvia,-3.4499999999999957,-6.699999999999996,-3.299999999999997,7.950000000000006,15.800000000000004,16.500000000000007,20.650000000000006,18.6,14.550000000000004,7.450000000000003,2.7500000000000036,-3.099999999999998
Lebanon,5.5000000000000036,8.700000000000003,12.450000000000003,14.800000000000004,19.200000000000003,22.5,24.250000000000007,24.400000000000006,22.050000000000004,17.400000000000006,11.650000000000006,7.550000000000004
Lesotho,17.85000000000001,17.1,15.450000000000003,12.800000000000004,8.850000000000001,6.050000000000001,6.149999999999999,7.600000000000005,10.900000000000006,14.649999999999999,15.350000000000001,18.35
Liberia,26.150000000000006,26.5,26.750000000000007,27.050000000000004,26.6,25.900000000000006,24.550000000000004,24.250000000000007,24.900000000000006,25.900000000000006,27.05000000000001,25.500000000000007
Libya,10.850000000000009,13.70000000000001,17.20000000000001,21.750000000000007,24.85,28.45000000000001,28.800000000000004,31.250000000000007,26.75,23.35,17.700000000000003,12.20000000000001
Liechtenstein,0.9000000000000021,-4.799999999999997,-0.5499999999999972,7.300000000000004,10.550000000000004,13.500000000000007,15.750000000000007,15.70000000000001,12.550000000000004,8.400000000000006,3.2500000000000036,-0.1999999999999993
Lithuania,-1.9499999999999957,-5.599999999999998,-2.299999999999997,9.700000000000003,16.900000000000006,17.650000000000006,19.900000000000006,19.300000000000004,15.149999999999999,8.850000000000001,2.8000000000000007,-1.25
Luxembourg,5.149999999999999,1.25,3.9500000000000064,12.100000000000001,14.800000000000004,18.000000000000007,21.150000000000006,19.6,15.250000000000007,11.350000000000001,5.950000000000006,4.300000000000004
MS Zaandam,--,--,--,--,--,--,--,--,--,--,--,--
Madagascar,20.650000000000006,20.450000000000003,21.000000000000007,19.20000000000001,17.95000000000001,16.250000000000007,14.700000000000003,16.700000000000003,18.45000000000001,19.85,20.6,21.750000000000007
Malawi,24.85000000000001,25.35000000000001,25.1,25.0,23.70000000000001,21.250000000000007,20.650000000000006,22.250000000000007,25.000000000000007,25.85000000000001,26.450000000000003,25.400000000000006
Malaysia,25.150000000000006,26.45000000000001,27.45000000000001,27.35000000000001,27.25,27.000000000000007,27.30000000000001,27.35000000000001,26.400000000000006,26.650000000000006,27.800000000000004,26.45000000000001
Maldives,--,--,--,--,--,--,--,--,--,--,--,--
Mali,20.300000000000004,24.050000000000004,28.700000000000003,31.900000000000006,34.150000000000006,35.900000000000006,32.900000000000006,31.050000000000004,31.750000000000007,30.85,26.800000000000004,21.250000000000007
Malta,14.550000000000004,12.450000000000003,15.100000000000001,17.950000000000003,20.0,23.750000000000007,27.500000000000007,26.450000000000003,25.800000000000004,21.750000000000007,18.35,15.050000000000004
Marshall Islands,--,--,--,--,--,--,--,--,--,--,--,--
Mauritania,16.900000000000006,19.6,24.900000000000006,26.6,29.60000000000001,33.50000000000001,34.60000000000001,34.00000000000001,32.550000000000004,28.950000000000003,24.20000000000001,19.750000000000007
Mauritius,23.650000000000006,24.150000000000006,23.650000000000006,22.55000000000001,21.10000000000001,19.800000000000004,18.0,17.700000000000003,18.450000000000003,19.200000000000003,21.35000000000001,22.85000000000001
Mexico,11.000000000000004,15.149999999999999,16.500000000000007,18.550000000000004,22.150000000000006,22.900000000000006,21.45000000000001,21.200000000000003,19.050000000000004,16.35000000000001,13.250000000000007,11.950000000000006
Moldova,-0.7999999999999972,-1.4499999999999993,0.9000000000000057,14.000000000000007,18.400000000000006,20.750000000000007,21.60000000000001,22.85,16.900000000000006,12.150000000000006,3.5500000000000007,-0.6999999999999993
Monaco,11.400000000000006,6.850000000000001,10.649999999999999,16.200000000000003,18.35,22.500000000000007,25.800000000000004,26.050000000000004,22.700000000000003,18.1,13.250000000000007,10.549999999999997
Mongolia,-20.7,-15.45,-1.1999999999999993,4.149999999999999,12.600000000000001,17.500000000000007,16.85000000000001,16.150000000000006,8.000000000000004,1.6499999999999986,-8.249999999999996,-18.849999999999998
Montenegro,3.950000000000003,2.350000000000005,6.450000000000003,14.400000000000006,18.60000000000001,20.050000000000004,21.800000000000004,22.950000000000003,18.6,14.700000000000003,8.850000000000001,3.700000000000003
Morocco,10.050000000000004,9.700000000000006,14.400000000000006,16.800000000000004,19.550000000000004,23.800000000000004,26.900000000000006,28.900000000000006,25.400000000000006,20.1,13.950000000000003,11.600000000000001
Mozambique,27.750000000000007,28.000000000000007,27.150000000000006,26.200000000000003,24.80000000000001,22.500000000000007,21.550000000000004,23.450000000000003,25.35,25.750000000000007,26.35000000000001,27.550000000000004
Namibia,25.500000000000007,24.400000000000006,22.700000000000003,20.60000000000001,16.5,13.600000000000009,13.850000000000009,14.500000000000007,17.950000000000003,23.150000000000006,24.050000000000004,25.35
Nepal,13.150000000000006,16.050000000000004,19.60000000000001,22.400000000000006,24.400000000000006,25.650000000000006,26.050000000000004,25.800000000000004,25.150000000000006,21.050000000000004,17.250000000000007,12.500000000000007
Netherlands_Aruba,27.200000000000003,26.450000000000003,27.150000000000006,27.800000000000004,28.450000000000003,29.250000000000007,29.050000000000004,29.750000000000007,29.800000000000004,29.150000000000006,28.55000000000001,27.150000000000006
"Netherlands_Bonaire, Sint Eustatius and Saba",27.400000000000006,26.750000000000007,27.500000000000007,28.150000000000006,28.500000000000007,29.300000000000004,29.150000000000006,29.550000000000004,29.80000000000001,29.250000000000007,28.85,27.45000000000001
Netherlands_Curacao,27.0,26.250000000000007,27.000000000000007,27.650000000000006,27.900000000000006,28.75,28.650000000000006,29.10000000000001,29.300000000000004,28.70000000000001,28.400000000000006,27.000000000000007
Netherlands_Sint Maarten,25.650000000000006,25.050000000000004,25.55000000000001,26.050000000000004,25.80000000000001,26.800000000000004,27.150000000000006,27.400000000000006,27.550000000000004,27.200000000000003,26.550000000000004,25.85000000000001
Netherlands,6.300000000000001,3.75,4.350000000000001,12.149999999999999,14.850000000000001,17.250000000000007,20.700000000000003,18.95000000000001,15.100000000000009,12.150000000000006,6.800000000000004,5.800000000000001
New Zealand,19.0,18.0,16.800000000000004,13.700000000000003,12.300000000000004,9.800000000000004,9.700000000000003,10.100000000000001,10.650000000000006,11.850000000000001,13.750000000000007,16.5
Nicaragua,23.60000000000001,24.200000000000003,25.000000000000007,25.900000000000006,26.550000000000004,25.85000000000001,25.85,25.300000000000004,26.050000000000004,25.800000000000004,25.200000000000003,24.250000000000007
Niger,19.4,24.85000000000001,28.500000000000007,32.30000000000001,33.85,34.300000000000004,32.050000000000004,30.500000000000007,31.45000000000001,29.900000000000006,25.500000000000007,20.250000000000007
Nigeria,24.6,28.45000000000001,29.10000000000001,29.400000000000006,27.750000000000007,25.900000000000006,24.700000000000003,24.60000000000001,26.45000000000001,25.300000000000004,26.10000000000001,24.650000000000006
North Macedonia,2.5,3.650000000000002,8.600000000000001,15.650000000000006,19.550000000000004,22.050000000000004,24.300000000000004,25.35,20.5,14.899999999999999,8.25,1.7500000000000036
Norway,-6.7499999999999964,-8.349999999999998,-6.4999999999999964,1.3500000000000014,9.05,10.900000000000006,14.550000000000004,11.100000000000009,7.600000000000001,2.2500000000000036,-1.9999999999999964,-5.849999999999998
Oman,20.400000000000006,23.60000000000001,26.700000000000003,32.300000000000004,35.35,38.45000000000001,39.35,39.050000000000004,35.25000000000001,31.250000000000007,28.30000000000001,23.400000000000006
Pakistan,9.450000000000003,12.450000000000003,18.60000000000001,23.650000000000006,27.700000000000003,30.35000000000001,28.80000000000001,28.5,26.70000000000001,21.35000000000001,16.300000000000004,10.200000000000003
Panama,22.500000000000007,22.750000000000007,23.550000000000004,23.900000000000006,23.450000000000003,22.950000000000003,23.1,22.95000000000001,22.95000000000001,22.60000000000001,22.85000000000001,22.950000000000003
Papua New Guinea,17.800000000000004,17.950000000000003,17.85,17.900000000000006,17.700000000000003,16.6,16.800000000000004,16.500000000000007,16.85,17.250000000000007,17.700000000000003,18.450000000000003
Paraguay,27.800000000000004,27.6,26.000000000000007,26.400000000000006,22.450000000000003,17.700000000000003,18.400000000000006,18.250000000000007,24.150000000000006,24.900000000000006,26.900000000000006,28.10000000000001
Peru,26.000000000000007,26.550000000000004,26.60000000000001,26.650000000000006,26.5,26.150000000000006,26.550000000000004,26.30000000000001,27.200000000000003,26.200000000000003,26.80000000000001,26.10000000000001
Philippines,--,--,--,--,--,--,--,--,--,--,--,--
Poland,0.40000000000000213,-3.8499999999999943,1.3000000000000007,13.899999999999999,17.500000000000007,19.050000000000004,21.000000000000007,21.550000000000004,16.400000000000006,11.250000000000007,4.650000000000002,0.9000000000000021
Portugal,10.600000000000001,9.950000000000003,12.25,14.750000000000007,17.250000000000007,20.6,22.500000000000007,24.700000000000003,23.500000000000007,17.800000000000004,13.200000000000003,11.450000000000003
Qatar,17.200000000000003,18.75,24.35000000000001,26.800000000000004,32.35000000000001,36.75,37.300000000000004,37.1,34.75000000000001,30.60000000000001,23.35,19.85000000000001
Romania,-1.3999999999999986,-2.0999999999999943,1.3000000000000043,12.600000000000001,16.4,17.900000000000006,18.60000000000001,20.800000000000004,15.200000000000003,11.000000000000007,3.350000000000005,-2.1999999999999957
Russia,-28.599999999999998,-26.849999999999998,-15.549999999999997,-3.9499999999999957,3.9499999999999993,16.200000000000003,13.250000000000007,12.700000000000003,4.7500000000000036,-1.2499999999999964,-21.2,-28.699999999999996
Rwanda,19.750000000000007,19.900000000000006,18.6,19.800000000000004,19.500000000000007,18.900000000000006,19.250000000000007,20.050000000000004,20.15,19.750000000000007,20.700000000000003,19.950000000000003
Saint Kitts and Nevis,23.300000000000004,22.750000000000007,23.45000000000001,24.20000000000001,24.30000000000001,25.25,25.550000000000004,25.650000000000006,25.60000000000001,25.300000000000004,24.6,23.800000000000004
Saint Lucia,24.900000000000006,24.25,25.1,25.700000000000003,25.950000000000003,26.35,26.60000000000001,26.650000000000006,27.050000000000004,26.250000000000007,26.000000000000007,25.200000000000003
Saint Vincent and the Grenadines,26.60000000000001,26.150000000000006,26.800000000000004,27.400000000000006,27.650000000000006,27.800000000000004,27.950000000000003,28.10000000000001,28.650000000000006,27.950000000000003,27.700000000000003,27.050000000000004
Samoa,--,--,--,--,--,--,--,--,--,--,--,--
San Marino,6.800000000000004,2.5500000000000007,7.300000000000001,14.750000000000007,18.450000000000003,21.700000000000003,24.0,24.900000000000006,20.450000000000003,15.900000000000006,10.5,5.650000000000006
Sao Tome and Principe,23.750000000000007,24.500000000000007,24.70000000000001,24.250000000000007,23.900000000000006,23.300000000000004,22.35000000000001,22.550000000000004,23.300000000000004,23.70000000000001,24.1,23.95000000000001
Saudi Arabia,16.000000000000007,19.900000000000006,24.45000000000001,26.700000000000003,32.650000000000006,36.05000000000001,36.650000000000006,36.55000000000001,34.35000000000001,29.050000000000004,21.400000000000006,18.700000000000003
Senegal,23.1,25.250000000000007,30.900000000000006,31.000000000000007,31.250000000000007,30.500000000000007,28.35,27.900000000000006,27.550000000000004,28.400000000000006,27.750000000000007,25.500000000000007
Serbia,3.5500000000000007,1.6500000000000021,5.400000000000006,14.600000000000001,18.85,20.650000000000006,21.650000000000006,23.25,18.20000000000001,13.70000000000001,7.850000000000001,1.9000000000000021
Seychelles,25.900000000000006,26.60000000000001,26.900000000000006,27.800000000000004,27.450000000000003,25.85,24.95000000000001,25.150000000000006,25.650000000000006,26.5,26.700000000000003,26.60000000000001
Sierra Leone,24.85000000000001,26.450000000000003,28.700000000000003,28.150000000000006,26.950000000000003,26.400000000000006,25.200000000000003,24.900000000000006,26.000000000000007,25.950000000000003,26.750000000000007,26.25
Singapore,26.400000000000006,27.250000000000007,27.800000000000004,28.05000000000001,28.000000000000007,28.0,28.400000000000006,28.400000000000006,27.450000000000003,27.6,27.55000000000001,27.300000000000004
Slovakia,-0.5499999999999972,-4.699999999999996,-1.5499999999999972,10.500000000000007,14.050000000000004,15.150000000000006,16.800000000000004,18.000000000000007,12.70000000000001,8.600000000000001,2.8500000000000014,-2.049999999999997
Slovenia,3.4000000000000057,-1.5499999999999972,3.600000000000005,13.500000000000007,17.400000000000006,19.550000000000004,21.0,21.75,16.85,11.75,6.449999999999999,1.2000000000000028
Solomon Islands,24.400000000000006,24.700000000000003,24.25,24.20000000000001,24.0,23.550000000000004,24.050000000000004,23.80000000000001,23.800000000000004,24.20000000000001,24.450000000000003,24.650000000000006
Somalia,26.450000000000003,28.35000000000001,29.450000000000003,27.900000000000006,28.60000000000001,29.05000000000001,27.75,27.450000000000003,28.900000000000006,28.700000000000003,26.900000000000006,26.700000000000003
South Africa,25.35,24.10000000000001,21.550000000000004,18.150000000000006,13.600000000000001,9.800000000000004,9.450000000000003,9.600000000000001,13.200000000000003,19.900000000000006,21.150000000000006,24.200000000000003
South Sudan,26.800000000000004,29.200000000000003,29.05000000000001,27.6,27.150000000000006,26.250000000000007,25.750000000000007,25.750000000000007,26.500000000000007,27.85000000000001,27.700000000000003,27.250000000000007
Spain,6.850000000000001,6.150000000000002,9.650000000000006,12.600000000000001,16.300000000000004,21.6,25.000000000000007,26.050000000000004,22.25,15.050000000000004,9.600000000000001,7.350000000000005
Sri Lanka,24.800000000000004,25.200000000000003,27.35,27.700000000000003,27.25,27.300000000000004,28.000000000000007,28.1,28.150000000000006,26.10000000000001,25.750000000000007,25.250000000000007
Sudan,22.200000000000003,28.200000000000003,29.300000000000004,30.450000000000003,32.400000000000006,29.950000000000003,28.1,27.200000000000003,28.05000000000001,30.000000000000007,26.85000000000001,23.10000000000001
Suriname,25.75,25.300000000000004,25.950000000000003,25.750000000000007,25.800000000000004,26.000000000000007,26.45000000000001,27.700000000000003,27.800000000000004,30.000000000000007,28.450000000000003,25.85
Sweden,-1.2999999999999972,-5.399999999999995,-3.099999999999998,5.100000000000001,12.550000000000004,14.650000000000006,19.85000000000001,17.0,12.800000000000004,7.500000000000007,4.050000000000004,0.5000000000000036
Switzerland,1.100000000000005,-4.599999999999998,-1.1999999999999957,6.500000000000007,9.500000000000007,12.649999999999999,15.300000000000004,15.550000000000004,11.800000000000004,7.900000000000006,2.6500000000000057,-0.04999999999999716
Syria,8.899999999999999,12.550000000000004,17.050000000000004,20.250000000000007,24.650000000000006,29.10000000000001,31.900000000000006,31.35,28.150000000000006,22.550000000000004,14.050000000000004,9.950000000000003
Taiwan*,11.000000000000007,11.75,15.000000000000007,17.500000000000007,20.60000000000001,20.700000000000003,21.1,20.85,20.900000000000006,17.700000000000003,16.700000000000003,13.5
Tajikistan,-9.25,-9.199999999999996,-1.8499999999999943,1.6500000000000021,5.700000000000003,9.950000000000003,15.600000000000009,15.200000000000003,9.950000000000003,2.4500000000000064,-4.099999999999998,-7.699999999999999
Tanzania,23.1,23.900000000000006,22.450000000000003,20.85,20.0,20.550000000000004,19.5,20.65,22.400000000000006,22.900000000000006,23.950000000000003,24.400000000000006
Thailand,25.750000000000007,26.60000000000001,29.400000000000006,29.6,29.20000000000001,29.050000000000004,28.45000000000001,27.900000000000006,28.300000000000004,28.400000000000006,27.650000000000006,26.900000000000006
Timor-Leste,21.1,21.300000000000004,21.95000000000001,21.300000000000004,19.75,18.950000000000003,18.650000000000006,18.500000000000007,20.150000000000006,21.650000000000006,22.450000000000003,23.1
Togo,26.400000000000006,28.60000000000001,28.20000000000001,27.550000000000004,26.85000000000001,25.300000000000004,24.500000000000007,24.10000000000001,24.95000000000001,25.85000000000001,27.000000000000007,26.400000000000006
Trinidad and Tobago,24.150000000000006,23.900000000000006,24.800000000000004,25.400000000000006,25.6,25.25,25.250000000000007,25.400000000000006,25.800000000000004,25.550000000000004,25.35,24.55000000000001
Tunisia,13.45000000000001,13.050000000000004,17.900000000000006,21.85000000000001,23.85000000000001,28.150000000000006,33.050000000000004,30.400000000000006,29.700000000000003,23.450000000000003,17.800000000000004,13.300000000000004
Turkey,0.9499999999999993,3.75,8.250000000000004,12.600000000000001,14.950000000000003,17.800000000000004,20.750000000000007,21.35,17.900000000000006,13.000000000000007,7.600000000000001,2.0500000000000043
US,-1.9999999999999964,-2.6999999999999957,5.750000000000007,7.450000000000003,19.800000000000004,24.400000000000006,24.750000000000007,23.35,20.4,10.200000000000003,2.200000000000003,-1.5999999999999979
Uganda,23.950000000000003,24.400000000000006,23.300000000000004,24.150000000000006,24.200000000000003,22.400000000000006,22.85,21.650000000000006,22.800000000000004,23.6,25.35000000000001,24.300000000000004
Ukraine,-3.049999999999997,-3.599999999999998,-0.7499999999999964,12.550000000000004,17.35,21.000000000000007,21.500000000000007,23.70000000000001,17.25,12.350000000000009,2.1000000000000014,-1.4499999999999957
United Arab Emirates,17.300000000000004,21.150000000000006,23.500000000000007,28.60000000000001,33.25000000000001,36.400000000000006,37.60000000000001,37.95,35.550000000000004,30.45000000000001,25.70000000000001,21.000000000000007
United Kingdom_Anguilla,26.150000000000006,25.650000000000006,26.10000000000001,26.550000000000004,26.20000000000001,27.150000000000006,27.5,27.85000000000001,28.000000000000007,27.700000000000003,27.05000000000001,26.30000000000001
United Kingdom_Bermuda,18.5,19.650000000000006,18.050000000000004,20.25,23.550000000000004,25.35,26.10000000000001,27.35,26.450000000000003,23.750000000000007,22.10000000000001,19.800000000000004
United Kingdom_British Virgin Islands,24.30000000000001,23.700000000000003,24.200000000000003,25.000000000000007,25.10000000000001,26.300000000000004,26.650000000000006,26.60000000000001,26.85000000000001,26.150000000000006,25.45000000000001,24.650000000000006
United Kingdom_Cayman Islands,24.650000000000006,26.30000000000001,25.70000000000001,27.200000000000003,27.450000000000003,28.500000000000007,29.150000000000006,28.950000000000003,28.750000000000007,28.200000000000003,27.300000000000004,26.25
United Kingdom_Channel Islands,--,--,--,--,--,--,--,--,--,--,--,--
United Kingdom_Falkland Islands (Malvinas),--,--,--,--,--,--,--,--,--,--,--,--
United Kingdom_Gibraltar,13.350000000000001,11.800000000000004,14.100000000000001,15.950000000000003,17.700000000000003,20.750000000000007,22.85000000000001,25.550000000000004,24.10000000000001,19.45000000000001,15.900000000000006,14.900000000000006
United Kingdom_Isle of Man,4.649999999999999,2.4500000000000064,3.200000000000003,7.400000000000006,10.700000000000003,13.300000000000004,15.0,13.650000000000006,11.000000000000007,9.0,7.550000000000004,7.050000000000004
United Kingdom_Montserrat,24.400000000000006,23.85000000000001,24.550000000000004,25.300000000000004,25.35000000000001,26.25,26.400000000000006,26.550000000000004,26.700000000000003,26.30000000000001,25.700000000000003,24.80000000000001
United Kingdom_Turks and Caicos Islands,--,--,--,--,--,--,--,--,--,--,--,--
United Kingdom,3.200000000000003,1.8500000000000014,2.1999999999999993,6.5000000000000036,10.300000000000004,12.900000000000006,14.700000000000003,13.100000000000001,10.450000000000003,8.300000000000004,6.350000000000005,5.400000000000006
Uruguay,24.95000000000001,23.80000000000001,21.500000000000007,21.650000000000006,15.900000000000006,10.350000000000001,11.050000000000004,11.850000000000009,16.85,17.700000000000003,21.450000000000003,22.1
Uzbekistan,-0.5499999999999972,0.6499999999999986,10.149999999999999,14.700000000000003,21.1,27.400000000000006,32.300000000000004,28.10000000000001,22.300000000000004,13.800000000000004,4.400000000000006,1.100000000000005
Vanuatu,25.5,25.250000000000007,25.35000000000001,25.05000000000001,23.950000000000003,22.95000000000001,23.500000000000007,23.5,23.550000000000004,24.650000000000006,25.1,25.900000000000006
Venezuela,27.25,27.80000000000001,28.800000000000004,28.400000000000006,26.70000000000001,26.1,25.800000000000004,26.1,26.550000000000004,27.050000000000004,27.70000000000001,27.200000000000003
Vietnam,19.750000000000007,19.9,22.550000000000004,23.300000000000004,24.35000000000001,23.85000000000001,22.950000000000003,22.70000000000001,23.250000000000007,23.1,22.05000000000001,21.300000000000004
West Bank and Gaza,9.150000000000006,12.0,15.050000000000004,16.800000000000004,21.200000000000003,23.550000000000004,25.150000000000006,24.750000000000007,23.700000000000003,20.800000000000004,15.150000000000006,10.75
Yemen,16.85,21.300000000000004,23.85000000000001,27.60000000000001,28.10000000000001,30.60000000000001,32.900000000000006,31.400000000000006,29.000000000000007,23.550000000000004,22.200000000000003,18.9
Zambia,21.5,21.250000000000007,21.10000000000001,20.400000000000006,18.500000000000007,15.600000000000001,15.300000000000004,18.300000000000004,22.650000000000006,22.300000000000004,21.35000000000001,20.250000000000007
Zimbabwe,22.45000000000001,22.35,21.800000000000004,20.450000000000003,17.900000000000006,15.600000000000001,14.900000000000006,18.85000000000001,22.35000000000001,23.050000000000004,22.400000000000006,22.700000000000003
